"","x"
"Cyba",0.0772090279293082
"Ctss",0.0758131691828977
"Lyz2",0.0753932990937613
"Tyrobp",0.0752450930448521
"Hexb",0.0746603312736564
"Lgals3",0.0741694826061222
"Fcer1g",0.0741691504634471
"Cd68",0.0740737070456069
"Laptm5",0.0740066489542571
"Spp1",0.0739338400710448
"Capg",0.073394901835163
"Lgmn",0.0732888738119268
"Gpnmb",0.0724317710065147
"Anxa1",0.072400348367775
"Trem2",0.0721721469026231
"Creg1",0.0718865148516395
"Lipa",0.0717210424113947
"B2m",0.0716361857887996
"Ctsb",0.0711419655539193
"Clec4d",0.0710119737152048
"Arpc1b",0.0709809822103379
"Anxa5",0.0709540198283801
"Cd53",0.0707786795548029
"Igf1",0.0706739917444416
"Ctsz",0.0706475296975888
"Cybb",0.0703261870483488
"Colec12",0.0700037046463632
"Ctsl",0.069878021922561
"Ctsd",0.0697869543296497
"Mpeg1",0.069629288840257
"Rnf128",0.0692100831004726
"Fxyd5",0.0691266456990512
"Apoe",0.0689040238924289
"Emp3",0.0686688028568162
"C3ar1",0.0684855839191042
"Lilrb4a",0.0683953039320054
"Cd300c2",0.0681661538645137
"Lgals1",0.068073343186697
"Pla2g7",0.0679176867327124
"Tspo",0.0678266774660183
"Fcgr3",0.0674595496321741
"Arhgdib",0.0671609264356308
"Itgb2",0.0671494049030563
"Lat2",0.0668006667523033
"H2-D1",0.066777263086259
"Ctsa",0.0666786582939557
"Cstb",0.0663224034723371
"ENSMUSG00000112148",0.0661620414336638
"C1qb",0.0657943584270424
"Ctsc",0.0656131216857103
"Slc11a1",0.0654101800539593
"Plin2",0.065289858813697
"Ms4a6d",0.0649899939011267
"Grn",0.0649453249240145
"ENSMUSG00000113311",0.0649298293362809
"Itgam",0.0647315710099232
"Msn",0.0641714471613168
"Fth1",0.0640240551160504
"Cd52",0.0637872200878963
"Adgre1",0.0633829848194998
"Adam8",0.0633357371896225
"Selenop",0.0628014714927755
"Hgsnat",0.062779689279106
"Lilr4b",0.0627680263252075
"Nceh1",0.0627449045116802
"Abcg1",0.0627201602915649
"Anxa3",0.0625394770124617
"Rac2",0.062405041306698
"Gusb",0.0621030941860997
"Crip1",0.0616552439505217
"Ms4a7",0.0613155713275845
"Hexa",0.0608287609053838
"ENSMUSG00000076036",0.0604827841126727
"Cd9",0.0603571459228587
"Alox5ap",0.0596631224773779
"Pirb",0.0595976989881868
"Lamp2",0.0593757187306614
"Hmox1",0.0592840346270024
"Gpx1",0.0592314759329484
"Csf1r",0.0590473544164651
"Cndp2",0.0590385783996953
"Trf",0.0590243918803333
"Tpp1",0.0590170124527441
"Rnh1",0.0586392265267696
"C1qc",0.0585997806007815
"Prdx1",0.058592637413725
"Psap",0.0581938993894295
"Apobec1",0.0579454978158184
"S100a4",0.0579169314084072
"Cat",0.0578332407095599
"Slco4a1",0.057810349384342
"Cers2",0.0573342417489416
"C1qa",0.057173371224879
"C5ar1",0.0570233296381847
"Bcl2a1b",0.0569666468450609
"Dhrs3",0.056873991461622
"Pld4",0.0565785972152532
"Dnase1l1",0.0564042591260886
"Bst2",0.0561523766225581
"Cd63",0.0561468872141782
"Cxcl16",0.0561068286957914
"Tuba1c",0.0560604773451875
"Uap1l1",0.0559922699055565
"Man2b1",0.0559188355439989
"Tlr13",0.0557947171890119
"Ifitm3",0.0557521127450966
"Itm2b",0.0555976770253358
"Plaur",0.0552798625456657
"Lamp1",0.0551193437458988
"Ucp2",0.0550268101523588
"Serpinb6a",0.0549502382305514
"Rnaset2b",0.0548578411322175
"Ccl9",0.054782569119889
"Gpr137b",0.054760129138716
"Sh3bgrl3",0.0546734943810242
"Gsn",0.0544005598172004
"Sgpl1",0.0543666517649549
"S100a1",0.0543405228996901
"Cd48",0.0541951173863679
"Mfsd12",0.0539492120702121
"Sirpa",0.0538806044360374
"Smpdl3a",0.0538430283761571
"Cd36",0.0537894028937262
"Anxa2",0.0537023231339636
"Atp1b3",0.053386992346297
"Slc37a2",0.0532462655535199
"Fcrls",0.0531660440186625
"Litaf",0.0531376563060573
"Ninj1",0.053077827563739
"Npc2",0.0526621310892862
"Sat1",0.0526096446009756
"Atp6v0d2",0.0521605646384903
"Lgals3bp",0.0521542184369139
"Ftl1",0.0513502371997851
"Myl12a",0.0510439188103313
"Hk3",0.0509179816713874
"Pld3",0.050852007678161
"H2-K1",0.0505827857848988
"Plek",0.0505220794731056
"Gm2a",0.050240533910422
"Pdia3",0.050018348075017
"Shisa5",0.0499744896052508
"Atp6ap1",0.0496486305529381
"Mmp12",0.0495742848857612
"Oas1a",0.0493582454125689
"Rgs1",0.0491149890836978
"Ciao2a",0.0488935278326818
"Asah1",0.0488092301292623
"Sdcbp",0.0487926599886135
"Hvcn1",0.0485002412039873
"Folr2",0.0484429854626452
"ENSMUSG00000110040",0.0478289372126795
"Esd",0.0477244269635947
"Gatm",0.0473667061684806
"Tlr2",0.0472528235505465
"Evi2b",0.0471422540300333
"Slc6a8",0.0471040979731966
"Slc31a2",0.0465261780291073
"Scpep1",0.0461806861721927
"Prdx5",0.0460967462085484
"Pkm",0.0459026364161486
"Clic1",0.0458057713119045
"Edem2",0.0457320786993875
"Cd72",0.0455265713448329
"Ifi27l2a",0.0455046399998098
"Dazap2",0.0447241201812656
"Tmbim6",0.044156201909117
"Slc2a1",0.0439377112501923
"Mfge8",0.0437072965523329
"Fxyd2",0.0435369378313597
"Degs1",0.0432014385504455
"Arpc2",0.0431960711626492
"Alcam",0.0428806975193464
"Gstm1",0.0425767854815044
"Atp6v1b2",0.0423858835155531
"Ldha",0.0419876606062846
"Aldoa",0.0419528675743155
"Sdc4",0.041204187474124
"Rab31",0.0406808152411255
"Dusp6",0.0394930444526086
"Mgst1",0.0394777600923943
"Cst3",0.0393013116696284
"Slc48a1",0.0392833996899763
"Lrp1",0.0388469567251155
"Sgk1",0.0380653773938811
"Pfn1",0.0379168818770819
"Arpc4",0.0377556165148047
"P2ry6",0.0376078829789025
"P4ha1",0.0369834326010061
"Sqstm1",0.0369008001530912
"Bcap31",0.0363744589916771
"Mfsd1",0.0362259111228287
"Npy",0.0362008445217974
"Tmed3",0.0354379827738805
"Por",0.0348906243290837
"Hspa5",0.0347333854945023
"Cyb5a",0.0344180585404024
"Dusp1",0.0338487389076905
"ENSMUSG00000021871",0.0338236871925298
"Tmem119",0.0337507062656812
"Slc3a2",0.0335362373022038
"Atf3",0.0330333058321215
"Gas6",0.0327399464788031
"Eno1",0.0326506922991909
"Cyb5r3",0.0325934960047247
"Gapdh",0.0325530871488812
"Tmem185b",0.0323509272507579
"Eif1a",0.0322170894144959
"Ufsp2",0.0321191130961232
"Pgam1",0.0319911963094372
"Cdkn1a",0.0316406479934465
"Mmp13",0.0313326683869437
"Hsp90b1",0.0308153893339345
"Ncoa4",0.0306439921419958
"Spint1",0.0304425161619288
"Reep5",0.030296261213689
"Vim",0.0302406013264098
"Map2k1",0.0301411855205406
"Bphl",0.0301218065231544
"Snx2",0.030107516588114
"Ly6e",0.030088005988511
"Akr1a1",0.0297235965147511
"Nrp1",0.0295489397054925
"Mamdc2",0.0295303715108886
"Ubc",0.029509081395575
"Actr3",0.029454287821958
"Coro1b",0.029272574970512
"Pgk1",0.0290944749049049
"Pepd",0.0281539486614335
"Ccnd1",0.0280414033545833
"Glud1",0.0280190151031106
"Tpm4",0.0279673322616739
"Ppp1r18",0.0277231562348087
"Xylt2",0.0272636112206586
"Atp6v1a",0.0272393355669432
"Ahnak2",0.0271754792938315
"Plk2",0.0271626304998671
"Ghitm",0.0268106556313799
"Slc25a5",0.0262387242524868
"1110002E22Rik",0.0261558706135372
"Hax1",0.0256564194941712
"Ifrd1",0.025328691386885
"Chmp6",0.0250552682575997
"2610507B11Rik",0.0249612954593961
"Txnrd1",0.0248825869689551
"Ppp1ca",0.0246709841949167
"Creld2",0.0246628309422927
"Arpc5",0.0246543903975791
"Arsb",0.0245442858219365
"Selenof",0.0242855357405821
"Acta2",0.0241990178087671
"Rdh14",0.0241103619536717
"Rgs2",0.0238480169836514
"Cd151",0.023754346767421
"Atp6v1g1",0.0237382195802556
"ENSMUSG00000080859",0.0230821805782201
"Atp6ap2",0.0230227433433544
"Oat",0.0229620056019529
"ENSMUSG00000092549",0.0225326934412418
"Htra2",0.0223474037709083
"Mob1a",0.0216987554481699
"Kcnn4",0.0216519859081266
"Pmepa1",0.021643853475841
"Tnfrsf12a",0.0213931697618546
"Prdx6",0.0211221340435796
"Vmp1",0.0210122370749015
"Pitrm1",0.0205459265492819
"Spg21",0.0202639479061751
"Bid",0.0200342655426398
"Lrpap1",0.0198478678047843
"9530068E07Rik",0.0196182439527507
"Dkk2",0.019096072702375
"Cd81",0.0190015265189928
"Tpi1",0.0189801753038556
"Tiparp",0.0187758396257192
"Fam177a",0.0179502518713818
"B4gat1",0.0179198564513927
"Ddost",0.0179138536690937
"Dram2",0.0176946827975612
"Sh3bgrl",0.0176456847973545
"Arl8b",0.0175360565239356
"Canx",0.0173574149670422
"Herpud1",0.0171459667392009
"Pdia6",0.0169455987718748
"Gpx3",0.0169225481803555
"Acad8",0.0167499277254584
"Atf6",0.0165293616863525
"Rab5a",0.0165037229934595
"Yif1a",0.016472289062744
"Copb2",0.0162772167018451
"Lrrc47",0.0162222000892177
"Atp6v0c",0.0159616489167358
"Grk2",0.0159579932247458
"Hist1h2bc",0.0155494014686932
"Xbp1",0.0152224604866171
"Atp6v0b",0.0150242494250468
"Flna",0.0147709065800725
"Tnfaip1",0.0146551630145156
"Rpl13",0.0145457164414519
"Prkcd",0.0142882640734604
"Med29",0.0138529298254403
"ENSMUSG00000061167",0.0138505452661415
"Unc50",0.0138000008901649
"Rit1",0.0136609327766415
"Rps2",0.0135923833991393
"Rcn2",0.0135589662130028
"Mat2a",0.01346766102997
"Tmem176b",0.0133359927775854
"Oaz1",0.0129983349312775
"Cyb5r1",0.0128406728672751
"Pdzd11",0.0128145914867275
"Twf1",0.0128115702711511
"Snrnp25",0.0127420064130309
"B9d2",0.0122872764828999
"Smu1",0.0122056982405448
"Tmed9",0.0121661817435093
"Smox",0.011967539679115
"Bsg",0.0119147441000402
"Hist1h1c",0.0114246311835365
"Dnajc4",0.0112749033540547
"Atp6v0d1",0.0112131315983257
"COX1",0.0111853532469773
"Rtf2",0.0111192090374724
"LOC102632463",0.0107910796129101
"Mfn2",0.0107382623949444
"Abi1",0.0107064087246019
"Mob3a",0.0106587293471183
"Mrnip",0.0104675948999686
"Zscan18",0.0104646156086749
"Mesd",0.0103671533818241
"Cnbp",0.0101777735430168
"ENSMUSG00000096972",0.0101741901510309
"Sdhaf2",0.009850566493491
"Capza1",0.00974391488613604
"Ddit3",0.00972104364520191
"Saraf",0.00960664649380464
"Sesn1",0.0095163837609667
"Tnfaip8l1",0.0094335660434241
"ENSMUSG00000101249",0.00928369816851698
"Spcs3",0.00919132582597712
"Tagap1",0.00912093702607412
"Rpl10",0.00899360330442999
"Eef1a1",0.00879729308804715
"Tmsb4x",0.00872712989996114
"ENSMUSG00000062933",0.00869915285924163
"Klf6",0.00853953888236413
"ENSMUSG00000104498",0.0084859479533362
"Olig1",0.00840246059962314
"Bnip3",0.00835775998683503
"G6pdx",0.00835189671935883
"Lpar1",0.00830579629116325
"Ntn1",0.00829743018266118
"Tmem9",0.00829059597399675
"ENSMUSG00000102467",0.00822585932134111
"Bmpr1a",0.00818543377144073
"Mrps2",0.00809005021239501
"Hat1",0.00803222975880421
"Taf1c",0.00800759356325063
"Actb",0.00800452177870798
"Nubp2",0.00795389654196768
"Zmiz1",0.00781944856666579
"Nars",0.00751353062511131
"ENSMUSG00000101111",0.00744704773576941
"ENSMUSG00000101188",0.00740184967490153
"Laptm4a",0.00728427937354074
"Tmem59",0.00725508567856159
"Kctd2",0.00717283001617726
"Sdhb",0.00692751623015156
"Cltc",0.00686642022630322
"Cdc42",0.00685975599268782
"ENSMUSG00000108105",0.0068250258882784
"Tmem129",0.0067653332108222
"Ado",0.00664787349339226
"Ppp1r15a",0.00664270061314899
"Zfp672",0.00641126722112874
"Bmi1",0.00636070503294966
"St13",0.00628557583243047
"Irf2bpl",0.00617788293525952
"ENSMUSG00000113545",0.00613134360143406
"ENSMUSG00000113451",0.00613134360143406
"Bet1",0.0060541697050802
"Mid1ip1",0.00564580530634036
"Npm1",0.00523008491394008
"COX2",0.0052131697340377
"Galt",0.00495124548270567
"Pln",0.00458950957157563
"Lrrc57",0.0045682828633698
"Selenoo",0.00451410064292072
"Prxl2a",0.00451036533620571
"Kat14",0.00443045915030781
"Ptp4a1",0.00435136764858464
"ENSMUSG00000112018",0.00412172915466386
"Ywhah",0.0040567942056532
"Ctnnbl1",0.00396894068410001
"Neu1",0.00395659392008179
"ATP6",0.00384548179903872
"Fam214b",0.00368568276097713
"Igfbp2",0.00366275540541687
"ENSMUSG00000105285",0.00357223430847358
"Rab11a",0.00357182598247739
"Irf3",0.00355383362789094
"Ddx5",0.00354942464378084
"Vps16",0.00353059407334112
"Ptp4a2",0.00347935056364437
"Ruvbl2",0.00347159025122099
"Gorasp2",0.00328178098281933
"ENSMUSG00000106915",0.00326690092571601
"Fam3a",0.00305600581445897
"Ppia",0.00302947089954501
"Rpl4",0.00302867608768652
"Atg101",0.0030256421569907
"Slc35a4",0.00299451792450821
"Hnrnpm",0.00293602651795276
"Pim3",0.00265436673648972
"Vps25",0.00262329149628915
"Cherp",0.00254812119020976
"Rab18",0.00239101919856528
"Mif",0.00220321653268981
"Xk",0.00219047981280291
"Hsdl1",0.00207302215443926
"Sparc",0.00189286897664765
"Tmem38a",0.00178778892474533
"Blcap",0.00151719029567534
"Slc35b2",0.00151698212583717
"Atp6v0a1",0.00126247521487718
"ENSMUSG00000106451",0.00107860882093448
"Crim1",0.000948475649931052
"Hspa8",0.000881521664182681
"Kpna2",0.000879231896006931
"ENSMUSG00000106106",0.0008125390842624
"Golt1b",0.000765723852753135
"Cog2",0.000608481334457653
"ENSMUSG00000112012",0.000440911407056329
"Scamp3",0.000434704231460902
"Tkt",0.00035738211385932
"Pgm1",0.000355474548524021
"Ddah1",0.00027211219861311
"Rrp7a",0.000135614911304723
"Cct8l1",7.09570320655851e-05
"Slc25a3",2.40263837483655e-05
"S1pr3",-3.83142054759511e-05
"ENSMUSG00000098708",-4.16155678800199e-05
"Tom1",-0.000212003062084873
"Gnb5",-0.000294941276392062
"Tuba1b",-0.000530084367646614
"ND4L",-0.000673503776720015
"Rmi1",-0.000817822175515148
"Malat1",-0.000980535126481392
"Col1a2",-0.00110557702308846
"Aamp",-0.00115326363754564
"Serpinf1",-0.00115825771706535
"ENSMUSG00000106062",-0.00123506584747165
"Pttg1ip",-0.00128685946767146
"Oxr1",-0.00131162223403479
"Gipc1",-0.00133551960051548
"ENSMUSG00000111890",-0.00136654765421966
"Rsrp1",-0.00165979433486448
"Dbi",-0.00173972323096267
"Mpc1",-0.00178418094179856
"Glt8d2",-0.00179682278636823
"Cdpf1",-0.00191898722287733
"Rpl3",-0.00202897343081334
"Ubb",-0.00215402585431294
"Gins2",-0.00222051109160418
"Pcyox1",-0.00222752189784817
"Pcdhb16",-0.00234308848410407
"Mettl21c",-0.00249615578798678
"Tbc1d10a",-0.00250463684944455
"Nfkbib",-0.00255066507761373
"Rpl17",-0.00256179942103721
"Lrrc75a",-0.00260604274369681
"Akt1",-0.00265151597300998
"ENSMUSG00000115772",-0.00269329401002439
"Wipf3",-0.0028269472210574
"Serinc1",-0.00286879874531446
"LOC105245737",-0.00314183871216354
"Arf1",-0.00327084373252175
"1700066M21Rik",-0.00329461355729136
"ENSMUSG00000064339",-0.00335222671109625
"Rnf14",-0.00344097845252554
"Aco1",-0.00358594145542188
"Wbp2",-0.00364431111870662
"Lhpp",-0.00376864151099096
"Ndufv1",-0.00379773586507268
"Otud6b",-0.00381497095552475
"Fam210b",-0.0038222994393966
"1500015O10Rik",-0.0039126340996379
"Cfl1",-0.00397550434694179
"Trp53i11",-0.00401529917802956
"Eef1g",-0.00409628820597175
"Olfr92",-0.00417979610914092
"Naip6",-0.00419748591457561
"Hsd17b12",-0.00432592092586997
"Uck1",-0.00439453601287859
"Idh2",-0.0044394225444223
"ENSMUSG00000101878",-0.00455790613327762
"Ctnnb1",-0.0045736886885669
"Zkscan17",-0.00467078424427224
"ENSMUSG00000113067",-0.00471269239086066
"Calm1",-0.00472870904905174
"ENSMUSG00000114956",-0.00476965768214702
"Uqcrc1",-0.00476979907440906
"Ppp2r5c",-0.00477548241880702
"Sall3",-0.00485061656721098
"Napa",-0.00492416546479077
"Eef1akmt1",-0.00513114987453855
"Hnrnpk",-0.00515032816781265
"Flot1",-0.0051867670019552
"Mcrip1",-0.00520484681719472
"Ppme1",-0.00536476582659762
"COX3",-0.00540109163023467
"ENSMUSG00000044285",-0.0054328430365893
"Cpsf3",-0.00562826349496198
"Gnas",-0.00575738060978434
"Eif5a",-0.00584015442488194
"Aldoc",-0.00587524670564593
"Fam53a",-0.00607182434535364
"Tmem170",-0.00611590935170251
"Zfp207",-0.00618210947431865
"Tmem229b",-0.00618700472539798
"Ercc5",-0.00619558864708564
"Sdc3",-0.00625752938525994
"ENSMUSG00000092805",-0.00629728116121701
"Tmem147",-0.00639913077162571
"Meis2",-0.00658240363355866
"Gphn",-0.00659400001918771
"Atf4",-0.00660781591006031
"ENSMUSG00000102070",-0.0066653780699523
"Bgn",-0.00671225046634277
"ENSMUSG00000111551",-0.0067940892512883
"Rraga",-0.00681705996696316
"Rheb",-0.00683909560695048
"Becn1",-0.00686968338547586
"Fam216a",-0.00695639800505442
"Eif3l",-0.00705030674081617
"Myg1",-0.00707383195649674
"ENSMUSG00000102349",-0.00723139135780949
"Trib1",-0.00732010818425121
"Fmod",-0.00748701200530432
"Kcne4",-0.0076301151848898
"LOC108168596",-0.00770785419632843
"ENSMUSG00000091550",-0.00778290709576832
"ENSMUSG00000109438",-0.00780820772858326
"Adnp",-0.00782256952142832
"Eif2b2",-0.00783317080865895
"Srsf2",-0.00800372644133967
"ND1",-0.00802118552348662
"1600015I10Rik",-0.00807882744946612
"Ppp2r1a",-0.00818532813395589
"Plxnb1",-0.00819985092456089
"Rimkla",-0.00826708175923793
"ENSMUSG00000082585",-0.0083416174835151
"Eif3c",-0.00836686183012273
"Srsf1",-0.00842354633545043
"ENSMUSG00000107018",-0.00856563136170469
"CYTB",-0.00881685150829445
"Slc9a3r1",-0.00888168982221487
"H2afz",-0.00896636898624379
"Cxxc1",-0.00899169897149247
"Ap2m1",-0.00901200892729096
"Clu",-0.00901279210929167
"Sox9",-0.00903735279430378
"Sdf2",-0.00913146773098724
"Tarbp2",-0.00915313870711204
"Commd4",-0.00915955647502964
"Nup62",-0.00917235737434151
"Baalc",-0.0091783577917397
"ND4",-0.0092309852640002
"Bet1l",-0.00923937310692412
"ENSMUSG00000111824",-0.00926958502004932
"ENSMUSG00000093752",-0.0093597501213647
"Ap3m1",-0.00938743016196017
"ENSMUSG00000084858",-0.00948730512190674
"Nkiras2",-0.00952189287384044
"Map1lc3b",-0.00953803011576894
"ENSMUSG00000105163",-0.00961100516459314
"Mb21d2",-0.00963769893086994
"Atp5b",-0.00966373068855336
"Eif1",-0.00975748645142614
"Hmces",-0.00976117545972859
"Ppp1r16a",-0.00976158798942183
"Prkar1a",-0.00980556351264015
"Ap1m1",-0.00981172773700496
"Trim35",-0.00983760466712796
"Slc38a1",-0.00984178578378197
"Rnf114",-0.00988481402272634
"Ahcyl1",-0.00992956436699684
"Atp5f1",-0.010023489037087
"Slc38a2",-0.0100459426050313
"Acap3",-0.0100662860598184
"Ddx1",-0.0101024894439156
"Spsb3",-0.0101694880626486
"Csnk2a1",-0.0102968535152556
"Peli1",-0.0103228830913641
"Fgfr3",-0.0103828612672345
"Eif4a1",-0.0103864800094006
"Rcn1",-0.0104895992045489
"Hspa9",-0.0108776428421546
"ENSMUSG00000105361",-0.0109205238215326
"Tas2r103",-0.0109924669498746
"Emc10",-0.0110148994546688
"Kcnt1",-0.0110247598528126
"ENSMUSG00000106386",-0.0110878327165451
"Pafah1b2",-0.0111192204244259
"Tcf25",-0.011139928918296
"Psmc3",-0.0112286146859258
"Pdrg1",-0.0115057683869542
"Dpp9",-0.0115696322082842
"Zwint",-0.0115704581063288
"Fbxw5",-0.0116062128831375
"Pcdhga8",-0.0117970469312157
"Sort1",-0.0119443539574162
"3930402G23Rik",-0.0120274927741552
"Tollip",-0.0122116758011033
"2810408A11Rik",-0.0123124961361809
"1810055G02Rik",-0.0124260228243793
"Chst2",-0.012482370944493
"ENSMUSG00000097959",-0.0125820905466993
"Id2",-0.0126138222051244
"ENSMUSG00000113232",-0.0127080549830198
"Tmem50b",-0.0127560133148857
"Trmt12",-0.0128591519139259
"H3f3b",-0.0129030926880689
"ENSMUSG00000108693",-0.0129360730775219
"Brd3os",-0.0130394518521613
"Rtn3",-0.0130752614734855
"Arid1a",-0.0130788122736384
"Isca2",-0.0130914107608313
"Smad4",-0.0131172923914352
"ENSMUSG00000102500",-0.0131272204338742
"ENSMUSG00000096947",-0.01318113241945
"Psd2",-0.0132266233467979
"Actg1",-0.0132455868168544
"ENSMUSG00000108456",-0.0132661051112701
"Plekhb2",-0.0132792979721011
"Eif4a3",-0.0133485318695717
"Hsp90ab1",-0.0133940187459301
"Swsap1",-0.0134255787685193
"Vdac3",-0.0134539241010288
"Golga7b",-0.0135670267251106
"Aacs",-0.0136093544998706
"Vhl",-0.0136261173159344
"Zfp830",-0.0136687694288513
"Atp5a1",-0.013702998992675
"Dstn",-0.0137503378063595
"Gtf2f1",-0.0138656552509397
"Poldip3",-0.0138807339386193
"Fbxo25",-0.0139623611300064
"Idh1",-0.0139860057999232
"Gadd45g",-0.0140507040551889
"Ywhaq",-0.0141045135595498
"Aldh4a1",-0.0141344550182411
"Nipsnap3b",-0.0142057041603546
"Stub1",-0.0142356990288024
"Stard7",-0.0142840521452047
"Spryd4",-0.0142932389013644
"Impdh2-ps",-0.0143255750850732
"Ccdc130",-0.0143661956778535
"Lrrn2",-0.0143709078224361
"Zdhhc8",-0.0143928383795136
"ENSMUSG00000115167",-0.0144296731902455
"Sars",-0.0145056249189413
"Cdh2",-0.0146217263016517
"Hspb6",-0.01467746779669
"Rps6kc1",-0.0147478411139279
"Wdr73",-0.0147588450333613
"Dxo",-0.0147964149610657
"Mark1",-0.0150498131933314
"ENSMUSG00000115687",-0.0150918176052635
"Dll1",-0.0151097473916467
"Thop1",-0.0152070868579697
"Nxph1",-0.0153934517504224
"Pgrmc1",-0.0153946540588419
"Prcc",-0.0153982825876129
"Hnrnph1",-0.0154109529059498
"Brox",-0.0154240031822981
"Wdr82",-0.0156309869232637
"ENSMUSG00000100862",-0.0156462081030976
"Elp3",-0.0156791484419769
"Ctbp1",-0.015703015094702
"Brd2",-0.0158087848346664
"Ankrd54",-0.0159630029885866
"Cant1",-0.0160486493777697
"ENSMUSG00000103733",-0.0162148581507844
"Tbc1d19",-0.0162666072556474
"Lao1",-0.0162817777854813
"Eif4g2",-0.016303694553441
"Ppm1a",-0.0163957721839071
"Syt1",-0.0164778277299101
"Sestd1",-0.0165047946366619
"Calm2",-0.0165138130331815
"Pitpnb",-0.0166755294869802
"Igsf21",-0.0168045838300466
"Supt16",-0.016807937332132
"Gpt2",-0.0168617860427559
"Fam168b",-0.0168620626716132
"Slc13a2os",-0.0169072713463895
"Bap1",-0.0170796453343528
"Ddx56",-0.0171700815787023
"4833439L19Rik",-0.0173105955425927
"Dvl1",-0.0173125362012298
"Fkbp4",-0.017470755734938
"Zbtb38",-0.0175102987869936
"Mecp2",-0.0175108234882909
"Rab40b",-0.0175518531720994
"ENSMUSG00000087491",-0.0175729663925338
"ENSMUSG00000100801",-0.0176145027278929
"Mgat4b",-0.0178209563019206
"Dnajc5",-0.0178250943664695
"Aloxe3",-0.0178703448838424
"Dus4l",-0.0179020373565847
"Urgcp",-0.0179607540784691
"Bzw1",-0.0180333595497942
"Lgalsl",-0.0180605259400782
"Atp5g1",-0.0181944972309849
"Axin1",-0.0182464990978454
"Ewsr1",-0.0183288485513751
"Igfbpl1",-0.0184269703190774
"Ptprn",-0.0184385827102508
"Hmgn2",-0.0184701826086606
"Per2",-0.018542736694953
"Gnb1",-0.0185615285024763
"Camk4",-0.0185825721631939
"Hdac7",-0.0187867014133341
"Nipsnap1",-0.0188676739419491
"Enc1",-0.0188871527760435
"Chpf",-0.0189267487600142
"Limch1",-0.018935284715825
"Rdh11",-0.0189374753486367
"Ptpn5",-0.0189506213738849
"Gab1",-0.0189630099185962
"Rlbp1",-0.0190531084850837
"Flot2",-0.0190892873424279
"Trim32",-0.0191471816524984
"Slc1a4",-0.0191766623701167
"Arl1",-0.0191810471032495
"Ric8a",-0.0192402750327459
"Asns",-0.0192506426926268
"Slc19a1",-0.0193534595831431
"Pde1b",-0.019353820668095
"Aatk",-0.0194198207747149
"Gtpbp8",-0.0195205346854084
"Rtl8b",-0.019557999141465
"Trim28",-0.0195775814537467
"Sppl2b",-0.0196302156122517
"Tab2",-0.0196480306399544
"Stk25",-0.0196614910160815
"Fah",-0.0196617162554112
"Tubb5",-0.0197225130080892
"Ptn",-0.0198470615033346
"Shmt2",-0.0199563095512707
"Nup35",-0.0200483968795821
"Id3",-0.0201270729414558
"Cldn3",-0.0201874795603297
"Gli3",-0.0203008567127514
"Tmem222",-0.0203099197733148
"Mmadhc",-0.0203293513412971
"Pmm1",-0.0203414100068312
"Mrpl49",-0.0203447314990496
"Mturn",-0.020437150298644
"Gad1",-0.0204534348294122
"Dnaja1",-0.0204862000491194
"Pcdhgc4",-0.0204992094799683
"Ddx18",-0.0205232005263843
"Sgta",-0.0207168810502385
"Kctd15",-0.0208073736880341
"Dcdc2a",-0.0209363302573029
"Ppif",-0.0209811788801132
"2410002F23Rik",-0.0212554519782218
"Zfp612",-0.0213454426769523
"Vta1",-0.0213510146911819
"Nprl2",-0.0213906973949404
"Wdr6",-0.0214141860719174
"Maged2",-0.0215345852207952
"Wdr3",-0.0216008898707179
"Nova2",-0.0216279463208212
"Zfp334",-0.0216327709463206
"Cdk16",-0.0217114060928153
"Zfp248",-0.0217694280031473
"Rgs4",-0.0218864544614654
"Zfp335",-0.0219004248734296
"Sec13",-0.0219941063389606
"Timm8a1",-0.022014736507857
"Cttn",-0.0220885778042033
"Lzts1",-0.0221023570819063
"Ndrg4",-0.0221388050963848
"Chac1",-0.022158333992759
"Pcdh9",-0.0221749195873574
"Ddx25",-0.0221769454110956
"Hid1",-0.0222367972143741
"Smad1",-0.0222974306088411
"Prdx2",-0.0224976109708823
"Nt5c3",-0.0225607809652271
"Sec23a",-0.0227144242486536
"Cdk17",-0.0227792866965229
"Cyc1",-0.0228021583698054
"Slc7a3",-0.0228446066868079
"Tspan3",-0.0229234848404522
"Plppr1",-0.0229453877853977
"Sema3c",-0.0230395333870997
"Rab4a",-0.023113285585136
"Epha4",-0.0231230614842872
"Cct7",-0.0232386289699427
"Fam234b",-0.0233056796810814
"Smurf2",-0.0233312375539176
"Necap1",-0.0234590502106372
"Dusp14",-0.0234612356461965
"Otud5",-0.023528296213605
"Srsf7",-0.0235495571627943
"Reep1",-0.0238783323599045
"Tra2b",-0.0239818738935308
"Acss2",-0.0240621731854325
"Add2",-0.0240697838995697
"Sema5b",-0.0245339847589441
"Cpe",-0.0245837057807726
"Gne",-0.0246934271121436
"Dlx1",-0.0248771341373019
"Sez6",-0.0248819209015517
"Ppp1r37",-0.0248988469775124
"Nfx1",-0.0249499656712211
"Maneal",-0.0249941076072119
"Ncs1",-0.0251422685530555
"Dnm1l",-0.0252567446739602
"Ivns1abp",-0.0252849156655035
"Cbx5",-0.0253732369579488
"Emd",-0.0255285891543114
"Prmt2",-0.0256291854116948
"Ttc3",-0.0256712182059635
"Fam114a2",-0.0257027538990793
"Lmo4",-0.0257403063961888
"Pex19",-0.0257706843874019
"Zfp428",-0.0258316311342244
"Elp5",-0.0258709347402575
"Rrp1",-0.0258752486945165
"Gle1",-0.025891238024553
"Msmo1",-0.0259336159193879
"Nsmf",-0.0259610926331387
"Gars",-0.0259797567624487
"Alg11",-0.0259800295842816
"Bhlhb9",-0.0262912217269992
"Ywhab",-0.0262975797001035
"Crip2",-0.0263494196166543
"Rmnd5b",-0.0263521582604758
"Ttll1",-0.026473758347364
"Ywhae",-0.0265077881817269
"Sbk1",-0.0265780966167263
"Rabl2",-0.0266673481384885
"Pip4p1",-0.0266750351047288
"Srsf5",-0.0266992173757026
"Bmerb1",-0.0267537795023265
"Gramd1a",-0.0267639933261121
"Fcho1",-0.0267744797336673
"Usp11",-0.0268207017243771
"Nsdhl",-0.0268231436786609
"Hsp90aa1",-0.0268429940430441
"Meg3",-0.0269377708726081
"Morf4l1",-0.0269561423554839
"Gpsm1",-0.0271545582792042
"Neurod1",-0.0271553657961209
"Syngr3",-0.0272076125389474
"Armcx1",-0.0273146125028523
"Syt3",-0.0274758999201373
"Serpini1",-0.0276755997320416
"Tspan12",-0.0278067851666816
"Ptdss1",-0.0278272039581624
"Sptan1",-0.0278398525713018
"Rsl1d1",-0.0278889415326728
"Elovl4",-0.0280322633281016
"Insig1",-0.0281015779683862
"Morf4l2",-0.0281960319762968
"Mvd",-0.0282128697659594
"Gsk3b",-0.0283721175604639
"Ppp2ca",-0.0283880197546383
"Lonrf2",-0.0284522686762684
"Tubb2a",-0.028479063465072
"Ywhaz",-0.0284875953031042
"Fam171b",-0.0285518323346332
"H1f0",-0.0285651507144233
"Tspan6",-0.0288182594419085
"Papss1",-0.0289168913019183
"Gfap",-0.029028795950082
"Gpm6b",-0.0291524644533839
"Scd2",-0.0293075111303572
"Zbtb20",-0.0293414225117532
"Prps1",-0.0293650350427706
"Caprin1",-0.029451941428705
"Cnr1",-0.0294650582791986
"D430019H16Rik",-0.029510695669122
"Cnn3",-0.0299039636557928
"Psat1",-0.0299136667226659
"Med21",-0.0299169798026309
"Dpysl2",-0.0299211947398969
"Gpm6a",-0.0300154832296509
"Ociad1",-0.0300858985992601
"Maco1",-0.0304811767778434
"Ndn",-0.0305176585909473
"Cyp51",-0.0306080623729963
"Dner",-0.0306113087649501
"Tecr",-0.0306261843534336
"Sc5d",-0.0306658162084664
"Gprasp1",-0.0308545502411767
"Pex5",-0.0309155078500719
"Phgdh",-0.0309284776098382
"Snca",-0.0312398529881833
"Eif4a2",-0.0313165052185329
"Spock1",-0.0313466749838203
"Tagln3",-0.0314688355114289
"Erg28",-0.0314910007837242
"Ncan",-0.0315220915247626
"Jpt1",-0.0315309731494162
"1110051M20Rik",-0.0315368424748278
"Fgf13",-0.031575192440998
"Fabp3",-0.031766821377938
"Pcbp4",-0.0317894036728505
"Tro",-0.0319332933667563
"Cbarp",-0.0319878095516658
"Syt5",-0.032081368521179
"Fez1",-0.0321053835381595
"Sstr2",-0.0322955971015729
"Tcaf1",-0.0323328247759174
"Zcchc18",-0.0323374905599426
"Ptprs",-0.0325759216481141
"Gna11",-0.0326315389034097
"Tubb3",-0.0328325665420022
"Fam49a",-0.0328828728045403
"Usp22",-0.0329657776030953
"Klf7",-0.0330063587394815
"H2afy2",-0.033019232556301
"Hmgcr",-0.0331175110564498
"6330403K07Rik",-0.0333184529198062
"Capn7",-0.0333226708419238
"Pkia",-0.0333705838782229
"Tmsb10",-0.0333718876960365
"Gdpd1",-0.0334253337491498
"Gdi1",-0.0335936250114241
"Tspan7",-0.0336345576260505
"2900097C17Rik",-0.0337193321193297
"Atp1b1",-0.0337468751408643
"Fbxw9",-0.0337937814332733
"Nfix",-0.0338050945280409
"Pcyt2",-0.0338549064145477
"Neurod6",-0.0340348289928529
"Pmvk",-0.0341802064796699
"Tubb4a",-0.0342748261559087
"Aldh18a1",-0.0343232374700068
"Maged1",-0.034388397935477
"Gpr85",-0.0345318191890725
"Dbn1",-0.0345489072332875
"Bdh1",-0.0349797944628665
"Kif1a",-0.0352391515993997
"Irgq",-0.0353066464456451
"Tsc22d1",-0.0353820742737613
"Tmeff1",-0.035451889500504
"Rab3a",-0.0356340900203239
"Rab6b",-0.0356467557217872
"Ppp2r2b",-0.0357612477661525
"Dusp8",-0.0359175774248331
"Snn",-0.035945033979232
"Snap25",-0.0359471662028666
"Gstp1",-0.0359986677449226
"Mllt11",-0.0360186167950487
"Gng3",-0.0368011566355991
"Cd24a",-0.0371159243705807
"Idi1",-0.0371658711414319
"Tcf4",-0.0372286465769244
"Phf10",-0.0375256407595135
"Nfib",-0.037558500743656
"Ina",-0.0375975020390309
"Hmgcs1",-0.0376303209682514
"Hdac2",-0.0376421238800842
"Trim2",-0.0376675023980754
"Fdft1",-0.0376818230332184
"Clip3",-0.037738697172254
"Klc1",-0.0385714174529103
"Tuba1a",-0.038733581795675
"Fasn",-0.0391810497285655
"Sox11",-0.0392148241573203
"Dpysl5",-0.0392752997176048
"Gng2",-0.0393904712261686
"Nnat",-0.039832485258075
"Tubb2b",-0.0400185772020907
"Rtn1",-0.0400483131703774
"Stmn1",-0.0401206948859918
"Kif5c",-0.0404215689148864
"Syt4",-0.0407710597521919
"Dpysl3",-0.0412808236565255
"Nsg1",-0.041283711595271
"Sqle",-0.0413151683804624
"Snrpn",-0.0415228607475405
"Crmp1",-0.0418563125086802
"Scg5",-0.0425268946197022
"Stmn3",-0.0427659502483853
"Fdps",-0.0427724939315523
"Acat2",-0.0430713072914672
"Gap43",-0.0431925897652704
"Stmn2",-0.043256210379298
"Map1b",-0.0435816498164752
"Nrep",-0.0439940557684834
"Mapt",-0.0453272655439865
"Stmn4",-0.0480550042300314
